computer_timestamp,elapsed_seconds,elapsed_minutes,sample_number,arduino_millis,raw_adc,raw_sd,voltage,ph,delta_ph,ph_change_from_previous,ph_rate_from_previous_per_min
2026-07-24T13:15:59.307-04:00,0.2809999999954016,0.0046833333332566935,1,3190195,317.48,0.5728,1.551711,6.87518,0.0,0.0,nan
2026-07-24T13:16:04.299-04:00,5.280999999995402,0.08801666666659003,2,3195195,315.64,0.476,1.542718,6.92722,0.052039999999999864,0.052039999999999864,0.6244799999999984
2026-07-24T13:16:09.290-04:00,10.264999999999418,0.17108333333332362,3,3200195,329.6,6.2224,1.610948,6.53241,-0.3427700000000007,-0.39481000000000055,-4.752929373992966
2026-07-24T13:16:14.295-04:00,15.280999999995402,0.2546833333332567,4,3205195,349.8,16.7047,1.709677,5.96113,-0.9140500000000005,-0.5712799999999998,-6.8334928229719765
2026-07-24T13:16:19.287-04:00,20.264999999999418,0.3377499999999903,5,3210194,325.8,0.405,1.592375,6.63988,-0.2353000000000005,0.67875,8.171147672545581
2026-07-24T13:16:24.293-04:00,25.264999999999418,0.42108333333332365,6,3215195,336.48,1.6979,1.644575,6.33784,-0.5373400000000004,-0.30203999999999986,-3.6244799999999984
2026-07-24T13:16:29.286-04:00,30.264999999999418,0.504416666666657,7,3220195,326.6,0.4841,1.596285,6.61726,-0.25792000000000037,0.27942,3.35304
2026-07-24T13:16:34.275-04:00,35.25,0.5875,8,3225195,329.52,0.5796,1.610557,6.53468,-0.34050000000000047,-0.0825800000000001,-0.9939418254763145
2026-07-24T13:16:39.283-04:00,40.26499999999942,0.6710833333333236,9,3230195,331.64,0.4677,1.620919,6.47472,-0.4004600000000007,-0.059960000000000235,-0.7173678963111529
2026-07-24T13:16:44.273-04:00,45.25,0.7541666666666667,10,3235195,333.52,0.5796,1.630107,6.42155,-0.4536300000000004,-0.05316999999999972,-0.6399598796388387
2026-07-24T13:16:49.265-04:00,50.25,0.8375,11,3240195,335.68,0.552,1.640665,6.36046,-0.5147200000000005,-0.06109000000000009,-0.7330800000000011
2026-07-24T13:16:54.272-04:00,55.25,0.9208333333333333,12,3245195,338.04,0.5929,1.652199,6.29372,-0.5814599999999999,-0.06673999999999936,-0.8008799999999923
2026-07-24T13:16:59.262-04:00,60.23399999999674,1.0038999999999456,13,3250195,340.88,0.4239,1.66608,6.2134,-0.6617800000000003,-0.08032000000000039,-0.9669341894067366
2026-07-24T13:17:04.270-04:00,65.25,1.0875,14,3255195,343.32,0.5449,1.678006,6.14439,-0.7307900000000007,-0.06901000000000046,-0.8254784688989906
2026-07-24T13:17:09.261-04:00,70.23399999999674,1.1705666666666124,15,3260195,345.88,0.3187,1.690518,6.07199,-0.8031899999999998,-0.07239999999999913,-0.8715890850727906
2026-07-24T13:17:14.251-04:00,75.23399999999674,1.2538999999999456,16,3265195,348.84,0.5449,1.704985,5.98828,-0.8869000000000007,-0.08371000000000084,-1.00452000000001
2026-07-24T13:17:19.259-04:00,80.23399999999674,1.337233333333279,17,3270195,351.56,0.5,1.71828,5.91135,-0.9638300000000006,-0.07692999999999994,-0.9231599999999993
2026-07-24T13:17:24.249-04:00,85.23399999999674,1.4205666666666124,18,3275195,355.0,0.3953,1.735093,5.81406,-1.0611200000000007,-0.0972900000000001,-1.1674800000000012
2026-07-24T13:17:29.256-04:00,90.23399999999674,1.5038999999999456,19,3280195,361.48,1.3863,1.766764,5.6308,-1.2443800000000005,-0.18325999999999976,-2.199119999999997
2026-07-24T13:17:34.247-04:00,95.23399999999674,1.587233333333279,20,3285195,364.12,0.5154,1.779668,5.55614,-1.3190400000000002,-0.07465999999999973,-0.8959199999999967
2026-07-24T13:17:39.238-04:00,100.21899999999732,1.670316666666622,21,3290194,369.36,0.5,1.805278,5.40794,-1.4672400000000003,-0.1482000000000001,-1.783751253761077
2026-07-24T13:17:44.246-04:00,105.21899999999732,1.7536499999999553,22,3295195,374.92,0.4677,1.832454,5.25069,-1.6244900000000007,-0.15725000000000033,-1.887000000000004
2026-07-24T13:17:49.236-04:00,110.21899999999732,1.8369833333332888,23,3300195,380.6,0.4841,1.860215,5.09006,-1.78512,-0.16062999999999938,-1.9275599999999926
2026-07-24T13:17:54.228-04:00,115.20299999999406,1.920049999999901,24,3305195,385.24,0.5303,1.882893,4.95883,-1.9163500000000004,-0.1312300000000004,-1.5798154093108292
2026-07-24T13:17:59.234-04:00,120.21899999999732,2.0036499999999555,25,3310195,390.84,0.375,1.910264,4.80045,-2.0747300000000006,-0.1583800000000002,-1.8944976076542734
2026-07-24T13:18:04.225-04:00,125.20299999999406,2.0867166666665677,26,3315195,395.8,0.5,1.934506,4.66018,-2.215,-0.14026999999999923,-1.6886436597121703
2026-07-24T13:18:09.217-04:00,130.20299999999406,2.1700499999999012,27,3320195,400.08,0.3953,1.955425,4.53913,-2.33605,-0.12105000000000032,-1.4526000000000039
2026-07-24T13:18:14.224-04:00,135.20299999999406,2.2533833333332343,28,3325195,404.12,0.5863,1.975171,4.42488,-2.4503000000000004,-0.11425000000000018,-1.3710000000000022
2026-07-24T13:18:19.214-04:00,140.18699999999808,2.336449999999968,29,3330195,408.32,0.4507,1.995699,4.30609,-2.56909,-0.11878999999999973,-1.4300561797741251
2026-07-24T13:18:24.221-04:00,145.20299999999406,2.4200499999999012,30,3335195,411.8,0.5,2.012708,4.20767,-2.66751,-0.09841999999999995,-1.1772727272736694
2026-07-24T13:18:29.213-04:00,150.18699999999808,2.5031166666666347,31,3340195,415.36,0.4841,2.030107,4.10699,-2.7681900000000006,-0.10068000000000055,-1.212038523273508
2026-07-24T13:18:34.203-04:00,155.18699999999808,2.586449999999968,32,3345195,418.96,0.5449,2.047703,4.00518,-2.87,-0.10180999999999951,-1.2217199999999941
2026-07-24T13:18:39.209-04:00,160.18699999999808,2.669783333333301,33,3350195,421.32,0.6124,2.059238,3.93844,-2.9367400000000004,-0.06674000000000024,-0.8008800000000029
2026-07-24T13:18:44.201-04:00,165.18699999999808,2.7531166666666347,34,3355195,423.52,0.5728,2.06999,3.87622,-2.9989600000000003,-0.06221999999999994,-0.7466399999999993
2026-07-24T13:18:49.207-04:00,170.18699999999808,2.836449999999968,35,3360195,425.12,0.3307,2.077811,3.83097,-3.04421,-0.04524999999999979,-0.5429999999999975
2026-07-24T13:18:54.198-04:00,175.17199999999866,2.919533333333311,36,3365195,426.64,0.5449,2.08524,3.78798,-3.0872,-0.042990000000000084,-0.5174322968906127
2026-07-24T13:18:59.189-04:00,180.17199999999866,3.002866666666644,37,3370194,428.08,0.3062,2.092278,3.74725,-3.12793,-0.04072999999999993,-0.4887599999999992
2026-07-24T13:19:04.196-04:00,185.17199999999866,3.0861999999999776,38,3375195,429.36,0.4841,2.098534,3.71105,-3.16413,-0.03620000000000001,-0.4344000000000001
2026-07-24T13:19:09.187-04:00,190.17199999999866,3.169533333333311,39,3380195,430.88,0.5154,2.105963,3.66806,-3.20712,-0.042990000000000084,-0.515880000000001
2026-07-24T13:19:14.178-04:00,195.1559999999954,3.2525999999999233,40,3385195,432.12,0.433,2.112024,3.633,-3.2421800000000003,-0.03506000000000009,-0.4220706260034874
2026-07-24T13:19:19.185-04:00,200.17199999999866,3.3361999999999776,41,3390195,433.2,0.3953,2.117302,3.60245,-3.27273,-0.030549999999999855,-0.3654306220093302
2026-07-24T13:19:24.177-04:00,205.1559999999954,3.41926666666659,42,3395195,433.92,0.5449,2.120821,3.58209,-3.2930900000000003,-0.020360000000000156,-0.24510433386854097
2026-07-24T13:19:29.182-04:00,210.1559999999954,3.5025999999999233,43,3400195,435.08,0.4146,2.126491,3.54928,-3.3259000000000003,-0.032810000000000006,-0.39372000000000007
2026-07-24T13:19:34.174-04:00,215.1559999999954,3.585933333333257,44,3405195,435.88,0.433,2.130401,3.52666,-3.34852,-0.022619999999999862,-0.27143999999999835
2026-07-24T13:19:39.165-04:00,220.13999999999942,3.6689999999999903,45,3410195,437.6,0.559,2.138808,3.47801,-3.3971700000000005,-0.048650000000000304,-0.5856741573029024
2026-07-24T13:19:44.172-04:00,225.1559999999954,3.7525999999999233,46,3415195,438.16,0.3536,2.141545,3.46218,-3.4130000000000003,-0.01582999999999979,-0.18935406698579502
2026-07-24T13:19:49.162-04:00,230.13999999999942,3.835666666666657,47,3420195,438.76,0.5,2.144477,3.44521,-3.4299700000000004,-0.01697000000000015,-0.20429373996773445
2026-07-24T13:19:54.154-04:00,235.13999999999942,3.9189999999999903,48,3425195,440.0,0.4841,2.150538,3.41014,-3.46504,-0.03506999999999971,-0.42083999999999655
2026-07-24T13:19:59.161-04:00,240.13999999999942,4.002333333333324,49,3430195,440.08,0.5728,2.150928,3.40788,-3.4673000000000003,-0.0022600000000001508,-0.02712000000000181
2026-07-24T13:20:04.152-04:00,245.125,4.085416666666666,50,3435195,440.36,0.4841,2.152297,3.39996,-3.47522,-0.007919999999999927,-0.0953259779337894
2026-07-24T13:20:09.158-04:00,250.13999999999942,4.168999999999991,51,3440195,441.16,0.4507,2.156207,3.37733,-3.49785,-0.022629999999999928,-0.27074775672984114
2026-07-24T13:20:14.150-04:00,255.125,4.252083333333333,52,3445195,441.6,0.4841,2.158358,3.36489,-3.5102900000000004,-0.012440000000000229,-0.14972918756267334
2026-07-24T13:20:19.141-04:00,260.125,4.335416666666666,53,3450194,442.04,0.3307,2.160508,3.35244,-3.52274,-0.01244999999999985,-0.1493999999999982
2026-07-24T13:20:24.148-04:00,265.125,4.41875,54,3455195,442.48,0.4841,2.162659,3.34,-3.5351800000000004,-0.012440000000000229,-0.14928000000000274
2026-07-24T13:20:29.139-04:00,270.125,4.502083333333333,55,3460195,442.76,0.5863,2.164027,3.33208,-3.5431000000000004,-0.007919999999999927,-0.09503999999999913
2026-07-24T13:20:34.130-04:00,275.10899999999674,4.585149999999945,56,3465195,442.92,0.25,2.164809,3.32755,-3.5476300000000003,-0.004529999999999923,-0.05453451043342157
2026-07-24T13:20:39.137-04:00,280.10899999999674,4.668483333333279,57,3470195,443.2,0.4841,2.166178,3.31964,-3.55554,-0.007909999999999862,-0.09491999999999834
2026-07-24T13:20:44.127-04:00,285.10899999999674,4.751816666666612,58,3475195,443.8,0.4146,2.169111,3.30267,-3.5725100000000003,-0.01697000000000015,-0.20364000000000182
2026-07-24T13:20:49.135-04:00,290.10899999999674,4.835149999999945,59,3480195,444.16,0.3536,2.17087,3.29249,-3.5826900000000004,-0.010180000000000078,-0.12216000000000093
2026-07-24T13:20:54.125-04:00,295.10899999999674,4.918483333333279,60,3485195,444.84,0.4677,2.174193,3.27326,-3.6019200000000002,-0.01922999999999986,-0.2307599999999983
2026-07-24T13:20:59.116-04:00,300.0939999999973,5.001566666666622,61,3490195,445.36,0.5,2.176735,3.25855,-3.6166300000000002,-0.01471,-0.1770511534603605
2026-07-24T13:21:04.123-04:00,305.10899999999674,5.085149999999945,62,3495195,445.16,0.375,2.175758,3.2642,-3.61098,0.005650000000000155,0.06759720837488507
2026-07-24T13:21:09.114-04:00,310.0939999999973,5.168233333333289,63,3500195,445.84,0.5449,2.179081,3.24497,-3.6302100000000004,-0.019230000000000302,-0.23145436308924444
2026-07-24T13:21:14.105-04:00,315.07799999999406,5.251299999999901,64,3505195,446.84,0.375,2.183969,3.21669,-3.6584900000000005,-0.028280000000000083,-0.3404494382024708
2026-07-24T13:21:19.112-04:00,320.0939999999973,5.334899999999956,65,3510195,446.92,0.375,2.18436,3.21443,-3.66075,-0.0022599999999997067,-0.027033492822945433
2026-07-24T13:21:24.104-04:00,325.07799999999406,5.417966666666568,66,3515195,447.4,0.5,2.186706,3.20085,-3.6743300000000003,-0.013580000000000148,-0.16348314606752443
2026-07-24T13:21:29.111-04:00,330.0939999999973,5.501566666666622,67,3520195,447.68,0.559,2.188074,3.19294,-3.68224,-0.007909999999999862,-0.09461722488031964
2026-07-24T13:21:34.101-04:00,335.07799999999406,5.584633333333234,68,3525195,448.04,0.1768,2.189834,3.18275,-3.6924300000000003,-0.010190000000000143,-0.12267255216701614
2026-07-24T13:21:39.092-04:00,340.07799999999406,5.667966666666568,69,3530194,448.32,0.4677,2.191202,3.17484,-3.70034,-0.007909999999999862,-0.09491999999999834
2026-07-24T13:21:44.099-04:00,345.07799999999406,5.751299999999901,70,3535195,449.08,0.5728,2.194917,3.15334,-3.7218400000000003,-0.021500000000000075,-0.2580000000000009
2026-07-24T13:21:49.090-04:00,350.0619999999981,5.834366666666635,71,3540195,449.92,0.375,2.199023,3.12958,-3.7456000000000005,-0.023760000000000225,-0.28603531300137736
2026-07-24T13:21:54.080-04:00,355.0619999999981,5.917699999999968,72,3545195,450.44,0.4841,2.201564,3.11488,-3.7603000000000004,-0.014699999999999935,-0.17639999999999922
2026-07-24T13:21:59.087-04:00,360.0619999999981,6.001033333333301,73,3550195,450.88,0.3062,2.203714,3.10244,-3.77274,-0.012439999999999785,-0.14927999999999741
2026-07-24T13:22:04.079-04:00,365.0619999999981,6.084366666666635,74,3555195,450.96,0.5449,2.204106,3.10017,-3.7750100000000004,-0.0022700000000002163,-0.027240000000002595
2026-07-24T13:22:09.086-04:00,370.0619999999981,6.167699999999968,75,3560195,451.4,0.5,2.206256,3.08773,-3.78745,-0.012439999999999785,-0.14927999999999741
2026-07-24T13:22:14.077-04:00,375.0619999999981,6.251033333333301,76,3565195,451.56,0.5,2.207038,3.0832,-3.79198,-0.004529999999999923,-0.054359999999999076
2026-07-24T13:22:19.067-04:00,380.04699999999866,6.334116666666644,77,3570195,452.4,0.5,2.211144,3.05945,-3.8157300000000003,-0.02375000000000016,-0.285857572718123
2026-07-24T13:22:24.074-04:00,385.04699999999866,6.4174499999999775,78,3575195,452.32,0.6124,2.210753,3.06171,-3.81347,0.0022600000000001508,0.02712000000000181
2026-07-24T13:22:29.065-04:00,390.04699999999866,6.500783333333311,79,3580195,452.56,0.5,2.211926,3.05492,-3.82026,-0.006790000000000074,-0.08148000000000089
2026-07-24T13:22:34.056-04:00,395.0309999999954,6.583849999999924,80,3585195,453.36,0.4841,2.215836,3.0323,-3.84288,-0.022619999999999862,-0.27231139646887625
2026-07-24T13:22:39.064-04:00,400.04699999999866,6.6674499999999775,81,3590195,453.16,0.4677,2.214858,3.03795,-3.8372300000000004,0.005649999999999711,0.0675837320573689
2026-07-24T13:22:44.053-04:00,405.0309999999954,6.75051666666659,82,3595195,451.68,1.6677,2.207624,3.07981,-3.79537,0.04186000000000023,0.5039325842699952
2026-07-24T13:22:49.062-04:00,410.04699999999866,6.834116666666644,83,3600195,445.56,0.4841,2.177713,3.25289,-3.6222900000000005,0.17307999999999968,2.070334928228316
2026-07-24T13:22:54.053-04:00,415.0309999999954,6.917183333333257,84,3605195,445.2,0.3953,2.175953,3.26307,-3.6121100000000004,0.010180000000000078,0.12255216693427048
2026-07-24T13:22:59.043-04:00,420.0149999999994,7.0002499999999905,85,3610194,445.88,0.5,2.179276,3.24384,-3.6313400000000002,-0.01922999999999986,-0.23150080256803002
2026-07-24T13:23:04.050-04:00,425.0309999999954,7.083849999999924,86,3615195,447.04,0.5303,2.184946,3.21104,-3.66414,-0.03279999999999994,-0.39234449760796897
2026-07-24T13:23:09.040-04:00,430.0149999999994,7.166916666666657,87,3620195,447.68,0.4677,2.188074,3.19294,-3.68224,-0.018100000000000005,-0.21789727126788225
2026-07-24T13:23:14.048-04:00,435.0309999999954,7.25051666666659,88,3625195,447.84,0.5449,2.188856,3.18841,-3.68677,-0.004529999999999923,-0.05418660287085586
2026-07-24T13:23:19.038-04:00,440.0149999999994,7.333583333333324,89,3630195,448.32,0.4677,2.191202,3.17484,-3.70034,-0.013570000000000082,-0.1633627608345403
2026-07-24T13:23:24.030-04:00,445.0149999999994,7.416916666666657,90,3635195,448.4,0.5728,2.191593,3.17257,-3.7026100000000004,-0.0022700000000002163,-0.027240000000002595
2026-07-24T13:23:29.037-04:00,450.0149999999994,7.5002499999999905,91,3640195,448.4,0.5,2.191593,3.17257,-3.7026100000000004,0.0,0.0
2026-07-24T13:23:34.028-04:00,455.0149999999994,7.583583333333324,92,3645195,448.72,0.5303,2.193157,3.16352,-3.71166,-0.00904999999999978,-0.10859999999999737
2026-07-24T13:23:39.019-04:00,460.0,7.666666666666667,93,3650195,449.0,0.3953,2.194526,3.1556,-3.71958,-0.007919999999999927,-0.0953259779337894
2026-07-24T13:23:44.025-04:00,465.0,7.75,94,3655195,449.2,0.375,2.195503,3.14995,-3.7252300000000003,-0.005650000000000155,-0.06780000000000186
2026-07-24T13:23:49.017-04:00,470.0,7.833333333333333,95,3660195,449.24,0.5303,2.195699,3.14882,-3.72636,-0.0011299999999998533,-0.01355999999999824
2026-07-24T13:23:54.022-04:00,475.0,7.916666666666667,96,3665195,449.96,0.4507,2.199218,3.12845,-3.7467300000000003,-0.02037000000000022,-0.24444000000000266
2026-07-24T13:23:59.014-04:00,480.0,8.0,97,3670195,450.04,0.3307,2.199609,3.12619,-3.7489900000000005,-0.0022600000000001508,-0.02712000000000181
2026-07-24T13:24:04.006-04:00,484.98399999999674,8.083066666666612,98,3675195,450.12,0.433,2.2,3.12393,-3.75125,-0.0022599999999997067,-0.02720706260033529
2026-07-24T13:24:09.012-04:00,489.98399999999674,8.166399999999946,99,3680195,450.68,0.4841,2.202737,3.10809,-3.7670900000000005,-0.0158400000000003,-0.19008000000000358
2026-07-24T13:24:14.003-04:00,494.98399999999674,8.249733333333278,100,3685196,450.84,0.6124,2.203519,3.10357,-3.7716100000000004,-0.0045199999999998575,-0.05423999999999829
2026-07-24T13:24:18.995-04:00,499.9689999999973,8.332816666666622,101,3690195,451.4,0.5,2.206256,3.08773,-3.78745,-0.015839999999999854,-0.1906519558675788
2026-07-24T13:24:24.001-04:00,504.98399999999674,8.416399999999946,102,3695196,451.56,0.5,2.207038,3.0832,-3.79198,-0.004529999999999923,-0.05419740777667536
2026-07-24T13:24:28.992-04:00,509.9689999999973,8.49948333333329,103,3700196,452.08,0.5728,2.209579,3.0685,-3.8066800000000005,-0.01470000000000038,-0.17693079237711531
2026-07-24T13:24:33.999-04:00,514.9839999999967,8.583066666666612,104,3705195,452.08,0.4146,2.209579,3.0685,-3.8066800000000005,0.0,0.0
2026-07-24T13:24:38.989-04:00,519.9689999999973,8.666149999999956,105,3710195,452.48,0.5,2.211535,3.05718,-3.8180000000000005,-0.011319999999999997,-0.1362487462387002
2026-07-24T13:24:43.981-04:00,524.9529999999941,8.749216666666568,106,3715196,452.48,0.5,2.211535,3.05718,-3.8180000000000005,0.0,0.0
2026-07-24T13:24:48.987-04:00,529.9689999999973,8.832816666666622,107,3720196,452.64,0.5449,2.212317,3.05266,-3.8225200000000004,-0.0045199999999998575,-0.054066985645896175
2026-07-24T13:24:53.979-04:00,534.9529999999941,8.915883333333234,108,3725196,453.28,0.4507,2.215445,3.03456,-3.8406200000000004,-0.018100000000000005,-0.21789727126820033
2026-07-24T13:24:58.969-04:00,539.9529999999941,8.999216666666568,109,3730196,453.84,0.3536,2.218182,3.01872,-3.85646,-0.015839999999999854,-0.19007999999999825
2026-07-24T13:25:03.976-04:00,544.9529999999941,9.082549999999902,110,3735196,453.64,0.4677,2.217205,3.02438,-3.8508000000000004,0.005659999999999776,0.06791999999999732
2026-07-24T13:25:08.968-04:00,549.9529999999941,9.165883333333234,111,3740196,454.04,0.5154,2.219159,3.01307,-3.8621100000000004,-0.011309999999999931,-0.13571999999999917
2026-07-24T13:25:13.974-04:00,554.9529999999941,9.249216666666568,112,3745196,454.4,0.4841,2.220919,3.00288,-3.8723,-0.0101899999999997,-0.12227999999999639
2026-07-24T13:25:18.966-04:00,559.9529999999941,9.332549999999902,113,3750196,454.2,0.375,2.219941,3.00854,-3.8666400000000003,0.005659999999999776,0.06791999999999732
2026-07-24T13:25:23.956-04:00,564.9369999999981,9.415616666666635,114,3755195,454.44,0.4841,2.221114,3.00175,-3.8734300000000004,-0.006790000000000074,-0.08174157303364288
2026-07-24T13:25:28.963-04:00,569.9369999999981,9.498949999999969,115,3760196,454.68,0.559,2.222287,2.99497,-3.8802100000000004,-0.006780000000000008,-0.0813600000000001
2026-07-24T13:25:33.955-04:00,574.9369999999981,9.5822833333333,116,3765195,454.92,0.25,2.22346,2.98818,-3.8870000000000005,-0.006790000000000074,-0.08148000000000089
2026-07-24T13:25:38.945-04:00,579.9219999999987,9.665366666666644,117,3770195,455.12,0.3307,2.224438,2.98252,-3.8926600000000002,-0.005659999999999776,-0.06812437311934744
2026-07-24T13:25:43.953-04:00,584.9369999999981,9.748949999999969,118,3775195,455.12,0.5303,2.224438,2.98252,-3.8926600000000002,0.0,0.0
2026-07-24T13:25:48.943-04:00,589.9219999999987,9.83203333333331,119,3780195,455.4,0.5,2.225806,2.9746,-3.90058,-0.007919999999999927,-0.0953259779337894
2026-07-24T13:25:53.950-04:00,594.9219999999987,9.915366666666644,120,3785196,455.52,0.5863,2.226393,2.97121,-3.90397,-0.003390000000000004,-0.04068000000000005
2026-07-24T13:25:58.941-04:00,599.9219999999987,9.998699999999978,121,3790196,455.8,0.5,2.227761,2.96329,-3.91189,-0.007919999999999927,-0.09503999999999913
2026-07-24T13:26:03.932-04:00,604.9059999999954,10.08176666666659,122,3795196,455.84,0.5449,2.227957,2.96216,-3.9130200000000004,-0.0011300000000002974,-0.013603531300172991
2026-07-24T13:26:08.939-04:00,609.9219999999987,10.165366666666644,123,3800196,455.88,0.3307,2.228152,2.96103,-3.9141500000000002,-0.0011299999999998533,-0.013516746411472717
2026-07-24T13:26:13.930-04:00,614.9059999999954,10.248433333333256,124,3805196,456.4,0.5,2.230694,2.94632,-3.9288600000000002,-0.01471,-0.17708667736769207
2026-07-24T13:26:18.920-04:00,619.9059999999954,10.33176666666659,125,3810196,456.92,0.2165,2.233236,2.93161,-3.9435700000000002,-0.01471,-0.17652
2026-07-24T13:26:23.928-04:00,624.9059999999954,10.415099999999923,126,3815196,456.92,0.4677,2.233236,2.93161,-3.9435700000000002,0.0,0.0
2026-07-24T13:26:28.919-04:00,629.9059999999954,10.498433333333256,127,3820196,456.52,0.5154,2.23128,2.94293,-3.9322500000000002,0.011319999999999997,0.13583999999999996
2026-07-24T13:26:33.924-04:00,634.9059999999954,10.58176666666659,128,3825196,457.56,0.5728,2.236364,2.91351,-3.9616700000000002,-0.02942,-0.35304
2026-07-24T13:26:38.917-04:00,639.8899999999994,10.664833333333323,129,3830196,457.36,0.5,2.235386,2.91917,-3.9560100000000005,0.005659999999999776,0.06813804173348975
2026-07-24T13:26:43.908-04:00,644.8899999999994,10.748166666666657,130,3835196,457.44,0.4841,2.235777,2.91691,-3.95827,-0.0022599999999997067,-0.02711999999999648
2026-07-24T13:26:48.915-04:00,649.8899999999994,10.83149999999999,131,3840196,457.72,0.4507,2.237146,2.90899,-3.96619,-0.007919999999999927,-0.09503999999999913
2026-07-24T13:26:53.906-04:00,654.8899999999994,10.914833333333323,132,3845196,457.52,0.5,2.236168,2.91465,-3.9605300000000003,0.005659999999999776,0.06791999999999732
2026-07-24T13:26:58.896-04:00,659.875,10.997916666666667,133,3850195,457.92,0.559,2.238123,2.90333,-3.9718500000000003,-0.011319999999999997,-0.1362487462387002
2026-07-24T13:27:03.903-04:00,664.875,11.08125,134,3855195,458.08,0.559,2.238905,2.89881,-3.97637,-0.0045199999999998575,-0.05423999999999829
2026-07-24T13:27:08.895-04:00,669.875,11.164583333333333,135,3860196,458.0,0.3953,2.238514,2.90107,-3.9741100000000005,0.0022599999999997067,0.02711999999999648
2026-07-24T13:27:13.901-04:00,674.875,11.247916666666667,136,3865195,458.32,0.5303,2.240078,2.89202,-3.9831600000000003,-0.00904999999999978,-0.10859999999999737
2026-07-24T13:27:18.892-04:00,679.875,11.33125,137,3870196,458.24,0.433,2.239687,2.89428,-3.9809,0.0022600000000001508,0.02712000000000181
2026-07-24T13:27:23.882-04:00,684.8589999999967,11.414316666666613,138,3875195,458.68,0.4841,2.241838,2.88184,-3.9933400000000003,-0.012440000000000229,-0.14975922953461113
2026-07-24T13:27:28.889-04:00,689.875,11.497916666666667,139,3880196,458.56,0.5,2.241251,2.88523,-3.9899500000000003,0.003390000000000004,0.04055023923442346
2026-07-24T13:27:33.881-04:00,694.8589999999967,11.580983333333279,140,3885196,458.88,0.5863,2.242815,2.87618,-3.999,-0.00904999999999978,-0.1089486356340975
